Гончарова,Софья,Дамировна
Громова,Ева,Матвеевна
Поляков,Савва,Сергеевич
Соловьева,Мария,Артёмовна
Сидорова,Анна,Александровна
Авдеев,Руслан,Платонович
Горбунова,Мария,Дмитриевна
Попов,Али,Вадимович
Галкина,Ева,Степановна
Назарова,Майя,Алексеевна
Широкова,Валерия,Максимовна
Смирнова,Алина,Денисовна
Попова,Варвара,Елисеевна
Терентьев,Роман,Степанович
Маслова,Анастасия,Александровна
Макеев,Артём,Степанович
Воронцов,Константин,Маркович
Маслов,Александр,Никитич
Кузьмина,Элина,Александровна
Алексеева,Антонина,Антоновна
Борисов,Иван,Сергеевич
Кондратьева,Дарья,Сергеевна
Панова,Юлия,Ивановна
Бабушкина,Мия,Ивановна
Семенова,Анастасия,Вадимовна
Борисова,Анастасия,Семёновна
Родин,Эрик,Матвеевич
Мухин,Никита,Макарович
Синицын,Михаил,Сергеевич
Смирнова,Анна,Данииловна
Новикова,Диана,Степановна
Дьякова,Екатерина,Артёмовна
Петров,Даниил,Максимович
Козловский,Владимир,Егорович
Юдина,Маргарита,Артёмовна
Петрова,Вероника,Александровна
Шапошников,Даниил,Алиевич
Матвеев,Константин,Маркович
Соколов,Георгий,Александрович
Кузьмин,Дмитрий,Александрович
Голованова,Татьяна,Тимофеевна
Трофимова,Майя,Артёмовна
Степанов,Даниил,Тимофеевич
Кулешова,Елизавета,Максимовна
Усова,Екатерина,Артёмовна
Фомичев,Семён,Арсентьевич
Старостина,Лилия,Ивановна
Ильин,Андрей,Ибрагимович
Шестакова,Маргарита,Денисовна
Воронов,Михаил,Константинович
Черкасова,Софья,Никитична
Виноградов,Дмитрий,Романович
Новикова,Елизавета,Сергеевна
Титова,Варвара,Елисеевна
Кузнецов,Георгий,Денисович
Казакова,Екатерина,Марковна
Анисимов,Вячеслав,Артёмович
Игнатьев,Лев,Александрович
Игнатьева,Виктория,Александровна
Смирнов,Михаил,Максимович
Семенов,Александр,Денисович
Жилина,Анна,Адамовна
Матвеева,Майя,Ивановна
Соколов,Владимир,Егорович
Степанова,Есения,Александровна
Алексеева,Мария,Платоновна
Минаева,Василиса,Дамировна
Кукушкина,Дарья,Артёмовна
Григорьев,Али,Глебович
Давыдова,Елизавета,Ярославовна
Лавров,Денис,Дмитриевич
Ефимов,Александр,Артёмович
Семенов,Платон,Александрович
Павлов,Артём,Сергеевич
Соколова,Валерия,Демьяновна
Долгова,Мария,Олеговна
Данилова,Вероника,Тимуровна
Лавров,Данил,Кириллович
Евдокимова,Ольга,Денисовна
Осипова,Алина,Артёмовна
Шаповалов,Артём,Егорович
Никифоров,Илья,Демидович
Смирнов,Матвей,Елисеевич
Горохова,Валерия,Игоревна
Васильева,Мария,Даниловна
Орехова,Маргарита,Евгеньевна
Овчинникова,Маргарита,Евгеньевна
Кузнецов,Иван,Юрьевич
Захаров,Герман,Егорович
Тарасов,Андрей,Михайлович
Новикова,Валентина,Ильинична
Горбунов,Фёдор,Львович
Ильин,Адриан,Георгиевич
Никифоров,Мирон,Артемьевич
Климов,Иван,Кириллович
Миронова,Злата,Григорьевна
Белов,Максим,Андреевич
Гончарова,Ксения,Артёмовна
Полякова,Малика,Семёновна
